,channel,tier1,tier2,tier3,marginal_2,marginal_3,M-CAC 1,M-CAC 2,M-CAC 3,marginal spend
0,direct,122,197,294,75,97,0.0,0.0,0.0,0
1,display,72,159,175,87,16,0.6944444444444444,0.5747126436781609,3.125,50
2,email,65,99,159,34,60,0.7692307692307693,1.4705882352941178,0.8333333333333334,50
3,organic_search,121,223,318,102,95,0.0,0.0,0.0,0
4,paid_search,2,2,8,0,6,25.0,inf,8.333333333333334,50
5,referral,1,2,7,1,5,50.0,50.0,10.0,50
6,social,58,129,165,71,36,0.8620689655172413,0.704225352112676,1.3888888888888888,50
